blurred_vision,chest_discomfort,chest_tightness,cough,difficulty_breathing,dizziness,exercise_triggered,fatigue,frequent_urination,headache,high_blood_pressure,high_blood_sugar,increased_hunger,increased_thirst,night_symptoms,nosebleed,palpitations,shortness_of_breath,slow_healing,tingling_hands_feet,weight_loss,wheezing,disease_id,disease
0,0,0,0,0,0,0,1,0,0,0,1,0,1,0,0,0,0,0,1,0,0,D001,Type 2 Diabetes
1,0,0,0,0,0,0,0,1,0,0,1,0,1,0,0,0,0,0,1,0,0,D001,Type 2 Diabetes
1,1,0,0,0,1,0,1,0,1,1,0,0,0,0,1,0,0,0,0,0,0,D002,Hypertension
0,0,0,0,0,1,0,0,0,1,1,0,0,0,0,0,0,1,0,0,0,0,D002,Hypertension
0,1,1,1,0,0,1,0,0,0,0,0,0,0,0,0,0,1,0,0,0,0,D003,Asthma
0,0,0,0,0,1,0,0,0,1,1,0,0,0,0,0,0,0,0,0,0,0,D002,Hypertension
0,0,1,0,0,0,0,1,0,0,0,0,0,0,1,0,0,1,0,0,0,1,D003,Asthma
0,0,0,0,0,0,0,1,1,0,0,1,0,1,0,0,0,0,1,1,1,0,D001,Type 2 Diabetes
1,0,0,0,0,0,0,1,0,0,0,1,1,1,0,0,0,0,1,1,0,0,D001,Type 2 Diabetes
0,1,0,0,0,1,0,0,0,1,0,0,0,0,0,1,0,1,0,0,0,0,D002,Hypertension
1,1,0,0,0,1,0,1,0,1,1,0,0,0,0,0,0,0,0,0,0,0,D002,Hypertension
0,1,0,0,0,1,0,1,0,1,1,0,0,0,0,0,1,1,0,0,0,0,D002,Hypertension
0,1,0,0,0,1,0,1,0,1,1,0,0,0,0,1,0,1,0,0,0,0,D002,Hypertension
0,0,1,1,1,0,0,0,0,0,0,0,0,0,0,0,0,1,0,0,0,1,D003,Asthma
0,0,1,0,0,0,0,1,0,0,0,0,0,0,0,0,0,1,0,0,0,1,D003,Asthma
0,1,1,1,0,0,1,0,0,0,0,0,0,0,0,0,0,1,0,0,0,1,D003,Asthma
0,1,0,0,0,1,0,0,0,1,1,0,0,0,0,1,0,1,0,0,0,0,D002,Hypertension
0,1,1,0,0,0,1,1,0,0,0,0,0,0,0,0,0,1,0,0,0,0,D003,Asthma
0,0,1,0,1,0,0,0,0,0,0,0,0,0,1,0,0,1,0,0,0,1,D003,Asthma
1,0,0,0,0,0,0,1,0,0,0,1,0,1,0,0,0,0,0,0,0,0,D001,Type 2 Diabetes
0,0,0,0,0,1,0,0,0,0,1,0,0,0,0,0,0,0,0,0,0,0,D002,Hypertension
1,0,0,0,0,0,0,0,1,0,0,1,0,0,0,0,0,0,1,0,0,0,D001,Type 2 Diabetes
1,0,0,0,0,0,0,1,1,0,0,1,0,1,0,0,0,0,0,1,0,0,D001,Type 2 Diabetes
0,1,1,0,0,0,1,1,0,0,0,0,0,0,1,0,0,1,0,0,0,1,D003,Asthma
1,0,0,0,0,1,0,1,0,1,1,0,0,0,0,1,0,0,0,0,0,0,D002,Hypertension
0,1,0,0,0,1,0,0,0,1,1,0,0,0,0,0,1,0,0,0,0,0,D002,Hypertension
0,1,1,0,1,0,0,0,0,0,0,0,0,0,0,0,0,1,0,0,0,1,D003,Asthma
0,0,1,1,0,0,1,0,0,0,0,0,0,0,1,0,0,1,0,0,0,1,D003,Asthma
0,1,0,0,0,1,0,1,0,1,1,0,0,0,0,1,1,0,0,0,0,0,D002,Hypertension
1,0,0,0,0,1,0,0,0,1,1,0,0,0,0,1,1,1,0,0,0,0,D002,Hypertension
0,0,1,0,0,0,1,0,0,0,0,0,0,0,1,0,0,1,0,0,0,1,D003,Asthma
0,0,1,1,0,0,0,0,0,0,0,0,0,0,1,0,0,1,0,0,0,1,D003,Asthma
0,0,1,0,0,0,0,0,0,0,0,0,0,0,1,0,0,1,0,0,0,1,D003,Asthma
0,0,0,0,0,1,0,0,0,1,1,0,0,0,0,0,0,0,0,0,0,0,D002,Hypertension
1,0,0,0,0,0,0,0,1,0,0,1,0,1,0,0,0,0,0,1,0,0,D001,Type 2 Diabetes
0,1,0,0,0,0,0,1,0,1,1,0,0,0,0,0,0,0,0,0,0,0,D002,Hypertension
0,0,0,0,0,0,0,1,0,1,1,0,0,0,0,1,0,0,0,0,0,0,D002,Hypertension
0,0,0,0,0,0,0,1,1,0,0,1,0,1,0,0,0,0,0,1,1,0,D001,Type 2 Diabetes
1,0,0,0,0,0,0,1,1,0,0,1,1,0,0,0,0,0,1,0,0,0,D001,Type 2 Diabetes
0,0,0,0,0,1,0,0,0,0,1,0,0,0,0,1,0,0,0,0,0,0,D002,Hypertension
0,0,0,0,0,1,0,0,0,1,1,0,0,0,0,1,0,0,0,0,0,0,D002,Hypertension
1,0,0,0,0,0,0,0,1,0,0,0,1,1,0,0,0,0,0,0,1,0,D001,Type 2 Diabetes
1,1,0,0,0,1,0,0,0,1,1,0,0,0,0,0,1,0,0,0,0,0,D002,Hypertension
0,0,1,0,0,0,0,1,0,0,0,0,0,0,0,0,0,1,0,0,0,1,D003,Asthma
0,0,0,0,0,0,0,0,1,0,0,1,0,1,0,0,0,0,1,1,1,0,D001,Type 2 Diabetes
0,0,0,0,0,1,0,0,0,1,0,0,0,0,0,0,0,1,0,0,0,0,D002,Hypertension
0,1,1,0,1,0,0,0,0,0,0,0,0,0,0,0,0,1,0,0,0,1,D003,Asthma
1,1,0,0,0,0,0,0,0,1,1,0,0,0,0,1,1,1,0,0,0,0,D002,Hypertension
1,0,0,0,0,0,0,0,1,0,0,0,1,1,0,0,0,0,0,0,1,0,D001,Type 2 Diabetes
0,0,1,0,1,0,1,1,0,0,0,0,0,0,0,0,0,1,0,0,0,1,D003,Asthma
0,1,1,1,0,0,1,1,0,0,0,0,0,0,0,0,0,1,0,0,0,1,D003,Asthma
0,0,0,0,0,0,0,0,1,0,0,1,0,1,0,0,0,0,0,0,0,0,D001,Type 2 Diabetes
1,0,0,0,0,1,0,0,0,1,1,0,0,0,0,0,0,0,0,0,0,0,D002,Hypertension
0,0,0,0,0,1,0,1,0,0,1,0,0,0,0,1,1,1,0,0,0,0,D002,Hypertension
0,1,1,0,0,0,0,0,0,0,0,0,0,0,0,0,0,0,0,0,0,1,D003,Asthma
0,0,1,0,1,0,0,1,0,0,0,0,0,0,1,0,0,1,0,0,0,0,D003,Asthma
0,0,0,0,0,0,0,0,1,0,0,0,0,0,0,0,0,0,1,1,1,0,D001,Type 2 Diabetes
0,1,1,0,0,0,1,0,0,0,0,0,0,0,1,0,0,1,0,0,0,0,D003,Asthma
0,1,1,0,0,0,1,0,0,0,0,0,0,0,1,0,0,1,0,0,0,0,D003,Asthma
1,0,0,0,0,0,0,1,1,0,0,1,0,1,0,0,0,0,1,0,0,0,D001,Type 2 Diabetes
1,0,0,0,0,1,0,1,0,1,1,0,0,0,0,1,0,1,0,0,0,0,D002,Hypertension
0,0,1,1,0,0,0,0,0,0,0,0,0,0,0,0,0,1,0,0,0,1,D003,Asthma
0,0,1,1,0,0,0,1,0,0,0,0,0,0,0,0,0,0,0,0,0,1,D003,Asthma
0,0,0,0,0,1,0,1,0,0,1,0,0,0,0,0,1,0,0,0,0,0,D002,Hypertension
0,0,0,0,0,0,0,0,1,0,0,1,1,1,0,0,0,0,0,0,1,0,D001,Type 2 Diabetes
0,1,1,1,0,0,0,0,0,0,0,0,0,0,1,0,0,1,0,0,0,1,D003,Asthma
0,0,0,0,0,0,0,0,1,0,0,1,0,1,0,0,0,0,1,0,0,0,D001,Type 2 Diabetes
0,0,0,0,0,1,0,0,0,0,0,0,0,0,0,0,1,1,0,0,0,0,D002,Hypertension
1,0,0,0,0,1,0,1,0,1,0,0,0,0,0,0,0,0,0,0,0,0,D002,Hypertension
1,0,0,0,0,0,0,0,0,0,0,1,1,1,0,0,0,0,1,1,0,0,D001,Type 2 Diabetes
0,0,0,0,0,0,0,0,1,0,0,0,0,0,0,0,0,0,0,0,0,0,D001,Type 2 Diabetes
0,0,0,0,0,1,0,1,0,1,1,0,0,0,0,1,1,0,0,0,0,0,D002,Hypertension
0,0,0,0,0,0,1,0,0,0,0,0,0,0,0,0,0,1,0,0,0,1,D003,Asthma
1,1,0,0,0,1,0,0,0,1,1,0,0,0,0,0,1,1,0,0,0,0,D002,Hypertension
0,1,1,0,1,0,0,1,0,0,0,0,0,0,1,0,0,1,0,0,0,1,D003,Asthma
0,0,0,0,0,1,0,0,0,1,0,0,0,0,0,0,1,0,0,0,0,0,D002,Hypertension
0,0,0,0,0,1,0,0,0,0,0,0,0,0,0,1,0,1,0,0,0,0,D002,Hypertension
1,1,0,0,0,1,0,1,0,1,1,0,0,0,0,1,0,1,0,0,0,0,D002,Hypertension
1,0,0,0,0,1,0,0,0,1,1,0,0,0,0,1,0,0,0,0,0,0,D002,Hypertension
1,0,0,0,0,0,0,0,1,0,0,1,0,1,0,0,0,0,0,0,1,0,D001,Type 2 Diabetes
0,1,1,1,0,0,1,1,0,0,0,0,0,0,1,0,0,1,0,0,0,1,D003,Asthma
0,0,0,0,0,1,0,1,0,1,0,0,0,0,0,0,0,1,0,0,0,0,D002,Hypertension
0,0,0,0,0,1,0,1,0,0,1,0,0,0,0,0,0,1,0,0,0,0,D002,Hypertension
0,1,0,0,0,1,0,1,0,1,1,0,0,0,0,0,1,1,0,0,0,0,D002,Hypertension
1,1,0,0,0,1,0,0,0,1,1,0,0,0,0,0,1,1,0,0,0,0,D002,Hypertension
1,1,0,0,0,1,0,0,0,1,1,0,0,0,0,0,0,1,0,0,0,0,D002,Hypertension
0,1,1,0,0,0,0,0,0,0,0,0,0,0,0,0,0,1,0,0,0,1,D003,Asthma
0,0,1,0,0,0,0,0,0,0,0,0,0,0,0,0,0,1,0,0,0,1,D003,Asthma
0,0,0,0,0,0,0,0,1,0,0,1,0,1,0,0,0,0,0,1,0,0,D001,Type 2 Diabetes
0,0,0,0,0,0,0,0,1,0,0,1,0,0,0,0,0,0,0,0,0,0,D001,Type 2 Diabetes
1,0,0,0,0,0,0,0,0,1,1,0,0,0,0,0,1,1,0,0,0,0,D002,Hypertension
0,0,0,0,0,0,0,1,1,0,0,1,0,1,0,0,0,0,1,0,0,0,D001,Type 2 Diabetes
0,1,1,0,0,0,0,1,0,0,0,0,0,0,1,0,0,1,0,0,0,1,D003,Asthma
1,1,0,0,0,1,0,0,0,1,1,0,0,0,0,1,0,0,0,0,0,0,D002,Hypertension
1,0,0,0,0,0,0,0,1,0,0,1,0,1,0,0,0,0,0,1,1,0,D001,Type 2 Diabetes
1,1,0,0,0,1,0,1,0,1,1,0,0,0,0,1,1,0,0,0,0,0,D002,Hypertension
0,0,0,0,0,0,0,1,1,0,0,0,1,1,0,0,0,0,0,0,0,0,D001,Type 2 Diabetes
1,0,0,0,0,1,0,0,0,1,1,0,0,0,0,0,1,1,0,0,0,0,D002,Hypertension
1,0,0,0,0,0,0,0,1,0,0,1,1,1,0,0,0,0,0,0,1,0,D001,Type 2 Diabetes
1,0,0,0,0,0,0,1,1,0,0,1,0,1,0,0,0,0,0,1,1,0,D001,Type 2 Diabetes
1,0,0,0,0,1,0,1,0,1,1,0,0,0,0,1,0,1,0,0,0,0,D002,Hypertension
1,0,0,0,0,0,0,1,1,0,0,0,1,1,0,0,0,0,1,1,0,0,D001,Type 2 Diabetes
1,0,0,0,0,0,0,0,0,1,0,0,0,0,0,1,0,0,0,0,0,0,D002,Hypertension
0,0,1,0,0,0,1,0,0,0,0,0,0,0,0,0,0,1,0,0,0,1,D003,Asthma
0,0,1,0,1,0,1,0,0,0,0,0,0,0,0,0,0,1,0,0,0,1,D003,Asthma
1,0,0,0,0,1,0,0,0,1,1,0,0,0,0,0,1,0,0,0,0,0,D002,Hypertension
0,0,0,0,0,1,0,0,0,1,0,0,0,0,0,1,0,0,0,0,0,0,D002,Hypertension
0,0,0,0,0,1,0,1,0,1,1,0,0,0,0,0,1,1,0,0,0,0,D002,Hypertension
0,0,0,0,0,0,1,0,0,0,0,0,0,0,1,0,0,1,0,0,0,0,D003,Asthma
0,0,0,0,0,0,0,0,1,0,0,1,0,0,0,0,0,0,0,0,1,0,D001,Type 2 Diabetes
0,0,1,0,1,0,1,1,0,0,0,0,0,0,0,0,0,1,0,0,0,1,D003,Asthma
1,0,0,0,0,0,0,0,1,0,0,1,0,1,0,0,0,0,1,0,0,0,D001,Type 2 Diabetes
0,0,1,0,0,0,1,1,0,0,0,0,0,0,0,0,0,1,0,0,0,1,D003,Asthma
0,1,0,0,0,0,0,1,0,1,1,0,0,0,0,1,0,0,0,0,0,0,D002,Hypertension
0,1,0,0,0,0,0,1,0,0,0,0,0,0,0,0,0,1,0,0,0,1,D003,Asthma
0,1,0,0,0,1,0,0,0,1,1,0,0,0,0,1,1,1,0,0,0,0,D002,Hypertension
0,1,1,0,0,0,1,0,0,0,0,0,0,0,0,0,0,1,0,0,0,1,D003,Asthma
0,0,0,0,0,0,0,0,0,0,0,1,0,1,0,0,0,0,1,1,1,0,D001,Type 2 Diabetes
1,1,0,0,0,1,0,0,0,1,0,0,0,0,0,1,1,1,0,0,0,0,D002,Hypertension
1,0,0,0,0,0,0,1,1,0,0,1,0,1,0,0,0,0,0,0,1,0,D001,Type 2 Diabetes
1,0,0,0,0,0,0,1,1,0,0,0,0,1,0,0,0,0,1,1,0,0,D001,Type 2 Diabetes
0,0,0,0,0,0,0,0,1,0,0,1,0,1,0,0,0,0,0,0,1,0,D001,Type 2 Diabetes
0,1,1,1,1,0,0,0,0,0,0,0,0,0,1,0,0,1,0,0,0,1,D003,Asthma
0,0,1,1,0,0,1,0,0,0,0,0,0,0,0,0,0,1,0,0,0,1,D003,Asthma
0,0,1,0,0,0,1,1,0,0,0,0,0,0,1,0,0,1,0,0,0,1,D003,Asthma
0,0,0,0,0,0,0,1,1,0,0,1,1,1,0,0,0,0,1,0,0,0,D001,Type 2 Diabetes
0,1,0,0,0,1,0,0,0,1,1,0,0,0,0,0,0,1,0,0,0,0,D002,Hypertension
0,1,1,0,0,0,0,1,0,0,0,0,0,0,1,0,0,0,0,0,0,1,D003,Asthma
0,0,1,0,1,0,1,0,0,0,0,0,0,0,0,0,0,0,0,0,0,1,D003,Asthma
1,0,0,0,0,0,0,1,1,0,0,1,1,1,0,0,0,0,1,1,1,0,D001,Type 2 Diabetes
0,1,0,0,0,1,0,0,0,1,1,0,0,0,0,0,1,0,0,0,0,0,D002,Hypertension
0,0,1,0,0,0,1,1,0,0,0,0,0,0,1,0,0,0,0,0,0,0,D003,Asthma
1,0,0,0,0,0,0,0,1,0,0,1,1,1,0,0,0,0,0,0,0,0,D001,Type 2 Diabetes
0,0,1,1,0,0,0,1,0,0,0,0,0,0,1,0,0,1,0,0,0,1,D003,Asthma
1,0,0,0,0,0,0,1,1,0,0,0,0,1,0,0,0,0,1,1,1,0,D001,Type 2 Diabetes
1,0,0,0,0,0,0,1,1,0,0,1,0,1,0,0,0,0,1,1,1,0,D001,Type 2 Diabetes
1,1,0,0,0,1,0,0,0,0,1,0,0,0,0,0,1,0,0,0,0,0,D002,Hypertension
1,0,0,0,0,0,0,1,1,0,0,1,1,1,0,0,0,0,1,0,0,0,D001,Type 2 Diabetes
0,1,0,0,0,1,0,1,0,1,1,0,0,0,0,0,0,0,0,0,0,0,D002,Hypertension
0,0,0,0,0,0,0,0,1,0,0,1,0,1,0,0,0,0,1,0,1,0,D001,Type 2 Diabetes
0,0,0,0,0,0,0,1,1,0,0,1,0,1,0,0,0,0,1,1,0,0,D001,Type 2 Diabetes
1,0,0,0,0,1,0,0,0,0,1,0,0,0,0,0,1,0,0,0,0,0,D002,Hypertension
0,1,0,0,0,1,0,0,0,1,0,0,0,0,0,0,0,1,0,0,0,0,D002,Hypertension
0,0,0,0,0,1,0,0,0,1,1,0,0,0,0,0,0,1,0,0,0,0,D002,Hypertension
0,0,0,1,0,0,1,0,0,0,0,0,0,0,1,0,0,1,0,0,0,1,D003,Asthma
1,0,0,0,0,0,0,0,1,0,0,1,0,1,0,0,0,0,0,1,0,0,D001,Type 2 Diabetes
0,0,1,1,1,0,0,0,0,0,0,0,0,0,0,0,0,1,0,0,0,1,D003,Asthma
0,1,1,0,1,0,0,0,0,0,0,0,0,0,1,0,0,1,0,0,0,1,D003,Asthma
0,0,1,1,1,0,0,1,0,0,0,0,0,0,1,0,0,1,0,0,0,1,D003,Asthma
0,0,0,0,0,1,0,1,0,1,1,0,0,0,0,1,0,0,0,0,0,0,D002,Hypertension
0,1,0,0,0,1,0,0,0,1,1,0,0,0,0,1,1,0,0,0,0,0,D002,Hypertension
0,1,0,0,0,1,0,1,0,1,1,0,0,0,0,1,0,0,0,0,0,0,D002,Hypertension
1,0,0,0,0,1,0,0,0,1,0,0,0,0,0,0,1,0,0,0,0,0,D002,Hypertension
0,1,0,0,0,1,0,0,0,1,1,0,0,0,0,1,0,0,0,0,0,0,D002,Hypertension
1,0,0,0,0,1,0,1,0,1,1,0,0,0,0,0,1,0,0,0,0,0,D002,Hypertension
0,0,0,0,0,0,0,1,1,0,0,1,1,0,0,0,0,0,1,0,0,0,D001,Type 2 Diabetes
0,1,0,0,0,1,0,1,0,0,1,0,0,0,0,0,0,1,0,0,0,0,D002,Hypertension
0,0,0,0,0,0,0,1,1,0,0,1,0,1,0,0,0,0,0,1,0,0,D001,Type 2 Diabetes
0,0,1,0,0,0,0,0,0,0,0,0,0,0,1,0,0,1,0,0,0,1,D003,Asthma
1,0,0,0,0,0,0,1,1,0,0,1,1,1,0,0,0,0,1,0,0,0,D001,Type 2 Diabetes
1,0,0,0,0,0,0,0,1,0,0,1,1,1,0,0,0,0,1,0,0,0,D001,Type 2 Diabetes
1,0,0,0,0,0,0,0,1,0,0,1,0,1,0,0,0,0,1,0,0,0,D001,Type 2 Diabetes
0,0,0,0,0,0,0,0,1,0,0,1,1,0,0,0,0,0,0,1,1,0,D001,Type 2 Diabetes
0,0,1,0,1,0,1,1,0,0,0,0,0,0,1,0,0,1,0,0,0,0,D003,Asthma
0,0,0,0,0,0,0,1,1,0,0,0,1,1,0,0,0,0,0,0,0,0,D001,Type 2 Diabetes
0,0,0,0,0,0,0,1,0,0,0,1,0,1,0,0,0,0,0,1,1,0,D001,Type 2 Diabetes
0,0,1,0,0,0,1,0,0,0,0,0,0,0,1,0,0,1,0,0,0,1,D003,Asthma
0,0,0,0,0,0,0,0,0,1,1,0,0,0,0,0,0,1,0,0,0,0,D002,Hypertension
1,0,0,0,0,0,0,0,1,0,0,1,0,1,0,0,0,0,1,0,0,0,D001,Type 2 Diabetes
1,0,0,0,0,0,0,1,1,0,0,1,0,1,0,0,0,0,0,0,0,0,D001,Type 2 Diabetes
0,0,1,0,0,0,1,1,0,0,0,0,0,0,1,0,0,1,0,0,0,1,D003,Asthma
1,1,0,0,0,0,0,1,0,1,1,0,0,0,0,0,1,1,0,0,0,0,D002,Hypertension
1,0,0,0,0,0,0,0,1,0,0,1,0,1,0,0,0,0,0,0,0,0,D001,Type 2 Diabetes
0,1,1,1,1,0,1,0,0,0,0,0,0,0,0,0,0,1,0,0,0,1,D003,Asthma
0,1,1,0,0,0,0,0,0,0,0,0,0,0,1,0,0,1,0,0,0,1,D003,Asthma
0,0,1,1,0,0,0,1,0,0,0,0,0,0,0,0,0,1,0,0,0,1,D003,Asthma
0,1,1,1,0,0,1,1,0,0,0,0,0,0,0,0,0,1,0,0,0,1,D003,Asthma
0,1,0,0,0,1,0,1,0,1,1,0,0,0,0,1,0,1,0,0,0,0,D002,Hypertension
0,0,1,0,0,0,1,1,0,0,0,0,0,0,0,0,0,1,0,0,0,1,D003,Asthma
0,1,1,0,1,0,0,0,0,0,0,0,0,0,1,0,0,1,0,0,0,1,D003,Asthma
1,0,0,0,0,0,0,0,0,0,0,1,0,1,0,0,0,0,0,0,1,0,D001,Type 2 Diabetes
1,1,0,0,0,1,0,0,0,1,1,0,0,0,0,0,1,0,0,0,0,0,D002,Hypertension
0,0,0,1,1,0,0,0,0,0,0,0,0,0,0,0,0,0,0,0,0,1,D003,Asthma
1,0,0,0,0,0,0,1,1,0,0,1,0,0,0,0,0,0,0,0,0,0,D001,Type 2 Diabetes
0,0,1,1,0,0,1,0,0,0,0,0,0,0,1,0,0,1,0,0,0,1,D003,Asthma
0,0,0,0,0,0,0,1,1,0,0,1,1,1,0,0,0,0,1,0,1,0,D001,Type 2 Diabetes
0,0,0,0,0,0,0,1,1,0,0,1,0,1,0,0,0,0,0,0,1,0,D001,Type 2 Diabetes
1,0,0,0,0,1,0,1,0,1,1,0,0,0,0,0,1,0,0,0,0,0,D002,Hypertension
0,0,0,0,0,0,0,0,1,0,0,1,1,1,0,0,0,0,0,0,1,0,D001,Type 2 Diabetes
0,0,1,1,0,0,0,1,0,0,0,0,0,0,0,0,0,0,0,0,0,1,D003,Asthma
0,0,1,0,0,0,0,0,0,0,0,0,0,0,0,0,0,1,0,0,0,1,D003,Asthma
0,0,0,0,0,0,0,0,1,0,0,1,1,1,0,0,0,0,1,1,1,0,D001,Type 2 Diabetes
1,0,0,0,0,1,0,0,0,1,0,0,0,0,0,0,1,0,0,0,0,0,D002,Hypertension
0,1,1,0,0,0,0,1,0,0,0,0,0,0,1,0,0,1,0,0,0,0,D003,Asthma
0,0,0,0,0,0,0,0,1,0,0,0,0,1,0,0,0,0,1,1,0,0,D001,Type 2 Diabetes
0,0,1,0,1,0,1,1,0,0,0,0,0,0,1,0,0,1,0,0,0,1,D003,Asthma
0,0,1,1,0,0,0,0,0,0,0,0,0,0,1,0,0,1,0,0,0,1,D003,Asthma
0,0,1,0,0,0,0,0,0,0,0,0,0,0,0,0,0,1,0,0,0,1,D003,Asthma
1,0,0,0,0,0,0,0,0,0,0,1,0,1,0,0,0,0,0,0,0,0,D001,Type 2 Diabetes
0,0,0,0,0,1,0,0,0,0,1,0,0,0,0,1,0,1,0,0,0,0,D002,Hypertension
0,1,0,0,0,1,0,1,0,0,1,0,0,0,0,0,1,1,0,0,0,0,D002,Hypertension
0,0,0,0,0,0,0,1,1,0,0,1,1,0,0,0,0,0,0,0,0,0,D001,Type 2 Diabetes
0,0,1,1,1,0,1,0,0,0,0,0,0,0,1,0,0,0,0,0,0,1,D003,Asthma
1,1,0,0,0,1,0,0,0,1,1,0,0,0,0,0,0,0,0,0,0,0,D002,Hypertension
0,0,0,0,0,0,0,1,1,0,0,1,0,0,0,0,0,0,1,1,0,0,D001,Type 2 Diabetes
0,0,0,0,0,0,0,1,0,1,0,0,0,0,0,1,0,1,0,0,0,0,D002,Hypertension
0,0,1,0,1,0,1,1,0,0,0,0,0,0,0,0,0,1,0,0,0,1,D003,Asthma
0,1,0,0,0,1,0,0,0,1,1,0,0,0,0,1,0,0,0,0,0,0,D002,Hypertension
1,1,0,0,0,1,0,0,0,1,1,0,0,0,0,0,1,0,0,0,0,0,D002,Hypertension
0,0,1,1,1,0,1,1,0,0,0,0,0,0,0,0,0,0,0,0,0,1,D003,Asthma
1,0,0,0,0,0,0,0,1,0,0,1,1,1,0,0,0,0,0,0,0,0,D001,Type 2 Diabetes
1,0,0,0,0,1,0,0,0,1,0,0,0,0,0,0,1,1,0,0,0,0,D002,Hypertension
1,1,0,0,0,1,0,0,0,1,1,0,0,0,0,0,0,0,0,0,0,0,D002,Hypertension
0,0,0,0,0,0,0,1,1,0,0,1,0,1,0,0,0,0,1,1,1,0,D001,Type 2 Diabetes
0,0,1,0,1,0,0,1,0,0,0,0,0,0,1,0,0,1,0,0,0,1,D003,Asthma
0,0,0,0,0,0,0,0,1,0,0,1,1,1,0,0,0,0,0,1,1,0,D001,Type 2 Diabetes
0,0,1,1,0,0,0,1,0,0,0,0,0,0,0,0,0,1,0,0,0,1,D003,Asthma
0,1,0,0,0,1,0,0,0,1,1,0,0,0,0,0,0,1,0,0,0,0,D002,Hypertension
1,0,0,0,0,0,0,1,0,0,0,1,1,1,0,0,0,0,0,0,0,0,D001,Type 2 Diabetes
1,0,0,0,0,0,0,1,0,1,1,0,0,0,0,0,1,1,0,0,0,0,D002,Hypertension
0,0,0,0,0,0,0,1,1,0,0,1,0,1,0,0,0,0,1,0,0,0,D001,Type 2 Diabetes
0,0,0,0,0,0,0,1,1,0,0,1,0,1,0,0,0,0,0,0,1,0,D001,Type 2 Diabetes
0,0,0,0,0,0,0,1,1,0,0,1,1,1,0,0,0,0,0,0,1,0,D001,Type 2 Diabetes
1,0,0,0,0,0,0,1,1,0,0,1,0,1,0,0,0,0,1,0,1,0,D001,Type 2 Diabetes
0,0,1,1,1,0,0,1,0,0,0,0,0,0,0,0,0,1,0,0,0,1,D003,Asthma
1,0,0,0,0,0,0,1,1,0,0,1,0,1,0,0,0,0,0,0,1,0,D001,Type 2 Diabetes
0,0,0,0,0,1,0,1,0,1,0,0,0,0,0,1,1,1,0,0,0,0,D002,Hypertension
0,1,1,0,1,0,1,0,0,0,0,0,0,0,0,0,0,1,0,0,0,1,D003,Asthma
0,0,1,0,1,0,1,0,0,0,0,0,0,0,1,0,0,1,0,0,0,1,D003,Asthma
0,0,1,1,0,0,1,1,0,0,0,0,0,0,0,0,0,1,0,0,0,1,D003,Asthma
0,0,1,1,1,0,1,0,0,0,0,0,0,0,1,0,0,1,0,0,0,1,D003,Asthma
0,1,1,1,0,0,0,0,0,0,0,0,0,0,1,0,0,1,0,0,0,1,D003,Asthma
0,1,1,0,1,0,0,0,0,0,0,0,0,0,0,0,0,1,0,0,0,1,D003,Asthma
0,1,1,0,1,0,1,1,0,0,0,0,0,0,1,0,0,1,0,0,0,1,D003,Asthma
1,0,0,0,0,0,0,0,1,0,0,1,1,1,0,0,0,0,0,1,1,0,D001,Type 2 Diabetes
0,1,1,0,0,0,0,1,0,0,0,0,0,0,0,0,0,1,0,0,0,1,D003,Asthma
0,0,1,1,0,0,0,0,0,0,0,0,0,0,0,0,0,1,0,0,0,1,D003,Asthma
1,1,0,0,0,1,0,1,0,1,0,0,0,0,0,1,0,0,0,0,0,0,D002,Hypertension
0,1,0,0,0,1,0,0,0,0,0,0,0,0,0,0,0,0,0,0,0,0,D002,Hypertension
1,0,0,0,0,1,0,1,0,1,1,0,0,0,0,0,1,1,0,0,0,0,D002,Hypertension
1,0,0,0,0,0,0,0,1,0,0,0,0,0,0,0,0,0,0,1,0,0,D001,Type 2 Diabetes
1,0,0,0,0,0,0,0,1,0,0,1,0,1,0,0,0,0,0,1,0,0,D001,Type 2 Diabetes
0,0,1,0,0,0,1,0,0,0,0,0,0,0,0,0,0,1,0,0,0,1,D003,Asthma
0,0,0,0,0,0,0,1,1,0,0,1,1,1,0,0,0,0,1,0,0,0,D001,Type 2 Diabetes
1,0,0,0,0,0,0,0,1,0,0,1,0,1,0,0,0,0,0,0,0,0,D001,Type 2 Diabetes
1,1,0,0,0,1,0,0,0,1,1,0,0,0,0,0,1,0,0,0,0,0,D002,Hypertension
0,1,1,1,1,0,0,1,0,0,0,0,0,0,1,0,0,1,0,0,0,1,D003,Asthma
1,0,0,0,0,0,0,1,0,0,0,1,1,1,0,0,0,0,0,1,0,0,D001,Type 2 Diabetes
0,0,0,0,0,1,0,0,0,1,0,0,0,0,0,0,0,1,0,0,0,0,D002,Hypertension
0,1,0,0,0,1,0,1,0,1,1,0,0,0,0,0,0,0,0,0,0,0,D002,Hypertension
0,0,0,0,0,0,0,0,1,0,0,1,0,1,0,0,0,0,1,1,0,0,D001,Type 2 Diabetes
0,0,1,0,0,0,0,1,0,0,0,0,0,0,0,0,0,1,0,0,0,1,D003,Asthma
0,1,1,0,0,0,0,0,0,0,0,0,0,0,1,0,0,0,0,0,0,0,D003,Asthma
1,0,0,0,0,1,0,0,0,1,1,0,0,0,0,1,0,0,0,0,0,0,D002,Hypertension
1,0,0,0,0,0,0,0,1,0,0,1,1,1,0,0,0,0,1,0,1,0,D001,Type 2 Diabetes
0,1,1,1,0,0,1,0,0,0,0,0,0,0,0,0,0,1,0,0,0,1,D003,Asthma
1,0,0,0,0,0,0,1,1,0,0,1,0,1,0,0,0,0,1,0,0,0,D001,Type 2 Diabetes
1,0,0,0,0,1,0,0,0,1,1,0,0,0,0,1,0,1,0,0,0,0,D002,Hypertension
0,0,0,0,0,1,0,1,0,0,1,0,0,0,0,1,0,0,0,0,0,0,D002,Hypertension
1,0,0,0,0,0,0,0,1,0,0,1,0,1,0,0,0,0,1,1,0,0,D001,Type 2 Diabetes
0,1,1,0,0,0,0,0,0,0,0,0,0,0,0,0,0,1,0,0,0,1,D003,Asthma
0,1,1,1,0,0,0,0,0,0,0,0,0,0,1,0,0,1,0,0,0,1,D003,Asthma
0,0,0,0,0,1,0,0,0,1,1,0,0,0,0,0,0,1,0,0,0,0,D002,Hypertension
0,1,1,0,1,0,0,1,0,0,0,0,0,0,0,0,0,1,0,0,0,1,D003,Asthma
0,0,0,0,0,0,0,1,1,0,0,1,0,1,0,0,0,0,0,1,1,0,D001,Type 2 Diabetes
0,0,0,0,0,0,0,0,1,0,0,1,0,1,0,0,0,0,1,0,0,0,D001,Type 2 Diabetes
0,0,0,0,0,1,0,0,0,1,0,0,0,0,0,1,1,1,0,0,0,0,D002,Hypertension
0,1,1,0,0,0,0,0,0,0,0,0,0,0,1,0,0,1,0,0,0,1,D003,Asthma
0,0,0,0,0,0,0,1,1,0,0,1,0,1,0,0,0,0,1,0,0,0,D001,Type 2 Diabetes
0,1,1,0,1,0,1,1,0,0,0,0,0,0,0,0,0,1,0,0,0,0,D003,Asthma
1,0,0,0,0,0,0,0,0,0,0,1,1,1,0,0,0,0,1,1,1,0,D001,Type 2 Diabetes
0,1,0,0,0,1,0,1,0,1,1,0,0,0,0,1,1,1,0,0,0,0,D002,Hypertension
0,1,1,0,1,0,1,0,0,0,0,0,0,0,0,0,0,1,0,0,0,1,D003,Asthma
0,0,0,1,1,0,0,1,0,0,0,0,0,0,0,0,0,1,0,0,0,1,D003,Asthma
0,0,1,0,1,0,0,1,0,0,0,0,0,0,1,0,0,0,0,0,0,0,D003,Asthma
0,0,0,0,0,0,0,0,0,0,0,1,0,1,0,0,0,0,0,0,0,0,D001,Type 2 Diabetes
1,0,0,0,0,0,0,1,1,0,0,1,0,1,0,0,0,0,0,1,0,0,D001,Type 2 Diabetes
1,0,0,0,0,0,0,0,1,0,0,1,1,0,0,0,0,0,1,0,0,0,D001,Type 2 Diabetes
1,0,0,0,0,0,0,0,1,0,0,1,1,1,0,0,0,0,0,1,1,0,D001,Type 2 Diabetes
0,0,1,1,0,0,0,1,0,0,0,0,0,0,1,0,0,1,0,0,0,1,D003,Asthma
0,1,0,0,0,1,0,1,0,1,1,0,0,0,0,0,0,0,0,0,0,0,D002,Hypertension
0,0,0,0,0,0,0,1,1,0,0,1,0,1,0,0,0,0,1,1,1,0,D001,Type 2 Diabetes
0,0,0,0,0,0,0,1,1,0,0,0,0,1,0,0,0,0,0,0,0,0,D001,Type 2 Diabetes
1,0,0,0,0,0,0,1,1,0,0,1,1,1,0,0,0,0,1,0,1,0,D001,Type 2 Diabetes
0,0,0,0,0,0,0,0,1,0,0,1,1,1,0,0,0,0,1,1,1,0,D001,Type 2 Diabetes
1,0,0,0,0,1,0,1,0,1,1,0,0,0,0,0,0,0,0,0,0,0,D002,Hypertension
0,0,0,0,0,1,0,1,0,1,1,0,0,0,0,0,0,0,0,0,0,0,D002,Hypertension
1,0,0,0,0,0,0,1,0,1,1,0,0,0,0,0,0,0,0,0,0,0,D002,Hypertension
0,0,0,0,0,0,0,0,1,0,0,1,0,1,0,0,0,0,1,0,0,0,D001,Type 2 Diabetes
1,0,0,0,0,1,0,1,0,1,1,0,0,0,0,0,0,1,0,0,0,0,D002,Hypertension
0,0,0,0,0,0,0,0,1,0,0,1,0,1,0,0,0,0,1,0,1,0,D001,Type 2 Diabetes
1,1,0,0,0,1,0,0,0,1,1,0,0,0,0,1,1,0,0,0,0,0,D002,Hypertension
0,0,1,0,0,0,0,0,0,0,0,0,0,0,0,0,0,1,0,0,0,0,D003,Asthma
1,0,0,0,0,0,0,0,1,0,0,1,0,1,0,0,0,0,1,1,0,0,D001,Type 2 Diabetes
1,0,0,0,0,0,0,1,1,0,0,1,0,1,0,0,0,0,0,1,0,0,D001,Type 2 Diabetes
0,0,0,0,0,0,0,0,1,0,0,1,1,1,0,0,0,0,1,0,1,0,D001,Type 2 Diabetes
0,1,1,1,0,0,0,0,0,0,0,0,0,0,1,0,0,1,0,0,0,1,D003,Asthma
0,0,0,0,0,0,0,0,1,0,0,1,1,1,0,0,0,0,1,1,1,0,D001,Type 2 Diabetes
0,0,0,0,0,1,0,0,0,1,0,0,0,0,0,1,1,0,0,0,0,0,D002,Hypertension
0,1,1,1,0,0,0,0,0,0,0,0,0,0,0,0,0,1,0,0,0,1,D003,Asthma
0,1,1,1,0,0,0,0,0,0,0,0,0,0,0,0,0,1,0,0,0,1,D003,Asthma
1,0,0,0,0,1,0,0,0,1,1,0,0,0,0,1,0,1,0,0,0,0,D002,Hypertension
0,1,0,0,0,1,0,0,0,1,1,0,0,0,0,0,1,0,0,0,0,0,D002,Hypertension
0,1,1,0,0,0,1,1,0,0,0,0,0,0,1,0,0,0,0,0,0,1,D003,Asthma
0,0,0,0,0,0,0,0,1,0,0,1,0,1,0,0,0,0,1,1,1,0,D001,Type 2 Diabetes
0,0,0,0,0,1,0,0,0,1,0,0,0,0,0,0,1,0,0,0,0,0,D002,Hypertension
0,0,0,0,0,0,0,0,0,0,0,1,1,1,0,0,0,0,1,0,1,0,D001,Type 2 Diabetes
1,0,0,0,0,0,0,1,1,0,0,1,1,1,0,0,0,0,0,0,1,0,D001,Type 2 Diabetes
0,0,1,1,1,0,0,1,0,0,0,0,0,0,0,0,0,0,0,0,0,1,D003,Asthma
1,0,0,0,0,1,0,1,0,1,1,0,0,0,0,1,1,0,0,0,0,0,D002,Hypertension
1,0,0,0,0,0,0,0,0,0,0,1,0,1,0,0,0,0,0,1,1,0,D001,Type 2 Diabetes
0,1,1,0,0,0,0,1,0,0,0,0,0,0,0,0,0,1,0,0,0,1,D003,Asthma
1,0,0,0,0,1,0,0,0,1,1,0,0,0,0,1,0,0,0,0,0,0,D002,Hypertension
0,0,0,0,0,1,0,1,0,1,1,0,0,0,0,0,1,1,0,0,0,0,D002,Hypertension
0,0,1,0,1,0,1,1,0,0,0,0,0,0,0,0,0,1,0,0,0,0,D003,Asthma
0,0,0,0,0,0,0,0,1,0,0,1,0,1,0,0,0,0,0,0,0,0,D001,Type 2 Diabetes
0,1,1,0,1,0,0,0,0,0,0,0,0,0,0,0,0,1,0,0,0,1,D003,Asthma
0,0,0,0,0,1,0,0,0,1,1,0,0,0,0,1,1,1,0,0,0,0,D002,Hypertension
0,1,0,0,0,1,0,0,0,1,1,0,0,0,0,1,0,0,0,0,0,0,D002,Hypertension
0,1,0,0,0,1,0,0,0,1,1,0,0,0,0,0,1,1,0,0,0,0,D002,Hypertension
1,0,0,0,0,0,0,0,1,0,0,1,0,1,0,0,0,0,1,1,1,0,D001,Type 2 Diabetes
0,0,1,1,1,0,0,0,0,0,0,0,0,0,0,0,0,1,0,0,0,1,D003,Asthma
1,1,0,0,0,1,0,0,0,1,1,0,0,0,0,1,0,1,0,0,0,0,D002,Hypertension
0,0,0,0,0,0,0,1,1,0,0,1,1,1,0,0,0,0,0,0,1,0,D001,Type 2 Diabetes
1,0,0,0,0,1,0,0,0,1,1,0,0,0,0,1,1,0,0,0,0,0,D002,Hypertension
0,0,0,0,0,0,0,0,1,0,0,1,0,1,0,0,0,0,0,1,1,0,D001,Type 2 Diabetes
0,1,0,0,0,1,0,1,0,1,1,0,0,0,0,0,1,0,0,0,0,0,D002,Hypertension
0,0,0,0,0,0,0,1,0,1,1,0,0,0,0,1,0,0,0,0,0,0,D002,Hypertension
0,0,0,0,0,0,0,0,0,1,1,0,0,0,0,1,1,0,0,0,0,0,D002,Hypertension
0,0,0,0,0,0,0,1,1,0,0,1,1,1,0,0,0,0,0,1,0,0,D001,Type 2 Diabetes
0,1,1,1,1,0,0,1,0,0,0,0,0,0,0,0,0,1,0,0,0,1,D003,Asthma
1,0,0,0,0,0,0,0,1,0,0,1,1,1,0,0,0,0,1,1,1,0,D001,Type 2 Diabetes
0,0,0,0,0,1,0,1,0,1,1,0,0,0,0,1,0,0,0,0,0,0,D002,Hypertension
1,0,0,0,0,1,0,1,0,1,1,0,0,0,0,1,1,0,0,0,0,0,D002,Hypertension
0,0,1,0,0,0,0,1,0,0,0,0,0,0,1,0,0,1,0,0,0,1,D003,Asthma
1,0,0,0,0,0,0,0,0,0,0,1,0,1,0,0,0,0,1,1,0,0,D001,Type 2 Diabetes
0,0,1,0,1,0,0,0,0,0,0,0,0,0,1,0,0,0,0,0,0,1,D003,Asthma
0,0,0,0,0,1,0,1,0,1,1,0,0,0,0,1,1,0,0,0,0,0,D002,Hypertension
0,1,0,0,0,1,0,0,0,1,1,0,0,0,0,0,1,0,0,0,0,0,D002,Hypertension
0,0,0,0,0,1,0,1,0,1,1,0,0,0,0,0,1,0,0,0,0,0,D002,Hypertension
0,0,0,1,0,0,0,0,0,0,0,0,0,0,1,0,0,1,0,0,0,1,D003,Asthma
0,0,1,1,1,0,0,0,0,0,0,0,0,0,1,0,0,1,0,0,0,1,D003,Asthma
1,0,0,0,0,0,0,1,1,0,0,1,0,1,0,0,0,0,0,0,0,0,D001,Type 2 Diabetes
0,0,1,1,0,0,0,1,0,0,0,0,0,0,1,0,0,1,0,0,0,1,D003,Asthma
0,1,0,0,0,1,0,1,0,1,1,0,0,0,0,0,1,0,0,0,0,0,D002,Hypertension
1,0,0,0,0,1,0,1,0,1,1,0,0,0,0,0,0,0,0,0,0,0,D002,Hypertension
1,0,0,0,0,1,0,0,0,1,1,0,0,0,0,1,1,0,0,0,0,0,D002,Hypertension
0,0,1,0,1,0,1,1,0,0,0,0,0,0,1,0,0,1,0,0,0,1,D003,Asthma
1,0,0,0,0,0,0,1,1,0,0,1,1,1,0,0,0,0,0,0,1,0,D001,Type 2 Diabetes
0,1,1,0,0,0,0,0,0,0,0,0,0,0,0,0,0,0,0,0,0,1,D003,Asthma
0,1,1,1,0,0,0,0,0,0,0,0,0,0,0,0,0,1,0,0,0,1,D003,Asthma
0,0,0,0,0,0,0,1,1,0,0,1,0,0,0,0,0,0,0,0,0,0,D001,Type 2 Diabetes
1,0,0,0,0,0,0,1,1,0,0,1,1,1,0,0,0,0,1,0,1,0,D001,Type 2 Diabetes
0,0,1,1,1,0,0,1,0,0,0,0,0,0,1,0,0,1,0,0,0,1,D003,Asthma
0,0,0,0,0,0,0,0,1,0,0,1,0,1,0,0,0,0,1,1,0,0,D001,Type 2 Diabetes
0,1,1,1,0,0,1,0,0,0,0,0,0,0,0,0,0,1,0,0,0,1,D003,Asthma
0,1,0,0,0,1,0,1,0,1,1,0,0,0,0,1,0,1,0,0,0,0,D002,Hypertension
1,0,0,0,0,1,0,0,0,1,0,0,0,0,0,0,0,0,0,0,0,0,D002,Hypertension
0,0,0,0,0,0,0,0,0,0,0,0,0,0,0,0,0,1,0,0,0,1,D003,Asthma
0,1,0,0,0,1,0,1,0,1,1,0,0,0,0,1,1,1,0,0,0,0,D002,Hypertension
0,0,0,0,0,1,0,0,0,1,1,0,0,0,0,0,0,1,0,0,0,0,D002,Hypertension
1,0,0,0,0,0,0,1,1,0,0,1,1,1,0,0,0,0,1,0,1,0,D001,Type 2 Diabetes
1,0,0,0,0,0,0,0,1,0,0,1,0,1,0,0,0,0,0,0,1,0,D001,Type 2 Diabetes
0,0,0,0,0,0,0,0,0,0,0,1,0,1,0,0,0,0,1,1,0,0,D001,Type 2 Diabetes
0,0,0,0,0,0,0,1,1,0,0,1,0,1,0,0,0,0,1,1,0,0,D001,Type 2 Diabetes
0,1,1,0,0,0,0,1,0,0,0,0,0,0,1,0,0,1,0,0,0,1,D003,Asthma
1,0,0,0,0,0,0,1,1,0,0,1,0,1,0,0,0,0,0,0,0,0,D001,Type 2 Diabetes
1,0,0,0,0,0,0,1,0,1,1,0,0,0,0,1,0,0,0,0,0,0,D002,Hypertension
1,0,0,0,0,0,0,1,0,0,0,1,1,1,0,0,0,0,1,0,0,0,D001,Type 2 Diabetes
0,0,1,0,0,0,0,1,0,0,0,0,0,0,0,0,0,1,0,0,0,1,D003,Asthma
0,0,0,0,0,0,0,0,1,0,0,0,0,1,0,0,0,0,0,0,1,0,D001,Type 2 Diabetes
0,1,1,1,0,0,1,0,0,0,0,0,0,0,0,0,0,1,0,0,0,1,D003,Asthma
0,0,0,0,0,0,0,1,1,0,0,1,1,1,0,0,0,0,0,0,0,0,D001,Type 2 Diabetes
0,1,0,0,1,0,1,0,0,0,0,0,0,0,1,0,0,1,0,0,0,1,D003,Asthma
0,1,0,0,0,1,0,0,0,1,1,0,0,0,0,1,1,0,0,0,0,0,D002,Hypertension
1,0,0,0,0,1,0,0,0,1,1,0,0,0,0,1,1,0,0,0,0,0,D002,Hypertension
0,1,1,0,0,0,1,0,0,0,0,0,0,0,0,0,0,1,0,0,0,0,D003,Asthma
0,0,0,0,0,0,0,1,1,0,0,1,1,1,0,0,0,0,1,0,1,0,D001,Type 2 Diabetes
1,0,0,0,0,0,0,1,1,0,0,1,1,1,0,0,0,0,0,0,0,0,D001,Type 2 Diabetes
0,1,1,0,0,0,0,1,0,0,0,0,0,0,1,0,0,1,0,0,0,1,D003,Asthma
0,1,0,0,0,1,0,0,0,1,1,0,0,0,0,1,0,0,0,0,0,0,D002,Hypertension
0,1,1,0,1,0,0,1,0,0,0,0,0,0,0,0,0,1,0,0,0,1,D003,Asthma
0,0,0,0,0,0,0,1,1,0,0,1,1,1,0,0,0,0,0,0,1,0,D001,Type 2 Diabetes
1,0,0,0,0,0,0,0,1,0,0,1,1,1,0,0,0,0,1,0,1,0,D001,Type 2 Diabetes
0,0,0,0,0,1,0,1,0,1,1,0,0,0,0,0,0,0,0,0,0,0,D002,Hypertension
1,1,0,0,0,1,0,1,0,1,1,0,0,0,0,0,0,1,0,0,0,0,D002,Hypertension
0,1,1,0,0,0,0,0,0,0,0,0,0,0,0,0,0,1,0,0,0,1,D003,Asthma
1,0,0,0,0,0,0,0,1,0,0,0,1,1,0,0,0,0,0,0,0,0,D001,Type 2 Diabetes
0,0,0,0,0,0,0,0,1,0,0,1,0,1,0,0,0,0,0,1,0,0,D001,Type 2 Diabetes
0,0,1,1,1,0,1,0,0,0,0,0,0,0,1,0,0,1,0,0,0,0,D003,Asthma
0,0,1,1,1,0,0,1,0,0,0,0,0,0,1,0,0,1,0,0,0,1,D003,Asthma
1,0,0,0,0,0,0,0,1,0,0,1,0,1,0,0,0,0,0,1,0,0,D001,Type 2 Diabetes
0,1,0,0,0,1,0,0,0,1,1,0,0,0,0,0,1,0,0,0,0,0,D002,Hypertension
0,0,1,0,1,0,0,1,0,0,0,0,0,0,1,0,0,1,0,0,0,1,D003,Asthma
0,1,1,0,1,0,0,0,0,0,0,0,0,0,0,0,0,1,0,0,0,1,D003,Asthma
0,1,1,0,0,0,1,0,0,0,0,0,0,0,1,0,0,1,0,0,0,1,D003,Asthma
0,0,0,0,0,1,0,1,0,1,1,0,0,0,0,1,1,1,0,0,0,0,D002,Hypertension
0,1,1,0,0,0,1,1,0,0,0,0,0,0,0,0,0,1,0,0,0,1,D003,Asthma
1,0,0,0,0,0,0,0,1,0,0,1,1,1,0,0,0,0,1,0,1,0,D001,Type 2 Diabetes
0,0,1,1,0,0,0,1,0,0,0,0,0,0,1,0,0,1,0,0,0,1,D003,Asthma
1,0,0,0,0,0,0,0,1,0,0,1,1,1,0,0,0,0,0,1,0,0,D001,Type 2 Diabetes
0,0,1,1,1,0,0,0,0,0,0,0,0,0,0,0,0,1,0,0,0,1,D003,Asthma
1,0,0,0,0,0,0,1,1,0,0,1,1,1,0,0,0,0,1,0,0,0,D001,Type 2 Diabetes
1,0,0,0,0,0,0,0,1,0,0,1,0,1,0,0,0,0,1,0,0,0,D001,Type 2 Diabetes
0,0,0,0,0,0,0,0,1,0,0,1,0,1,0,0,0,0,0,1,1,0,D001,Type 2 Diabetes
1,0,0,0,0,0,0,0,1,0,0,1,0,1,0,0,0,0,0,1,0,0,D001,Type 2 Diabetes
0,0,0,0,0,1,0,1,0,1,1,0,0,0,0,1,0,1,0,0,0,0,D002,Hypertension
0,0,1,1,0,0,0,1,0,0,0,0,0,0,0,0,0,0,0,0,0,1,D003,Asthma
0,1,0,0,0,1,0,0,0,0,0,0,0,0,0,1,0,0,0,0,0,0,D002,Hypertension
1,0,0,0,0,0,0,0,1,0,0,1,0,1,0,0,0,0,1,0,0,0,D001,Type 2 Diabetes
0,0,0,0,0,0,0,0,1,0,0,1,1,1,0,0,0,0,0,1,1,0,D001,Type 2 Diabetes
0,1,1,1,1,0,1,0,0,0,0,0,0,0,1,0,0,1,0,0,0,1,D003,Asthma
1,0,0,0,0,0,0,0,1,0,0,1,0,1,0,0,0,0,1,1,1,0,D001,Type 2 Diabetes
0,1,1,0,1,0,0,0,0,0,0,0,0,0,0,0,0,1,0,0,0,0,D003,Asthma
1,0,0,0,0,0,0,0,0,1,1,0,0,0,0,0,0,1,0,0,0,0,D002,Hypertension
0,0,1,0,1,0,1,1,0,0,0,0,0,0,1,0,0,1,0,0,0,1,D003,Asthma
0,0,0,0,0,0,0,1,1,0,0,0,1,1,0,0,0,0,0,0,0,0,D001,Type 2 Diabetes
0,0,1,0,1,0,0,0,0,0,0,0,0,0,0,0,0,1,0,0,0,1,D003,Asthma
0,1,1,1,1,0,0,0,0,0,0,0,0,0,1,0,0,1,0,0,0,0,D003,Asthma
0,1,1,1,0,0,0,1,0,0,0,0,0,0,0,0,0,1,0,0,0,1,D003,Asthma
0,0,1,0,0,0,0,1,0,0,0,0,0,0,1,0,0,0,0,0,0,1,D003,Asthma
1,0,0,0,0,1,0,0,0,1,1,0,0,0,0,1,1,0,0,0,0,0,D002,Hypertension
0,1,1,0,1,0,1,0,0,0,0,0,0,0,1,0,0,1,0,0,0,1,D003,Asthma
0,0,0,0,0,1,0,1,0,1,1,0,0,0,0,1,0,0,0,0,0,0,D002,Hypertension
0,1,1,0,1,0,0,0,0,0,0,0,0,0,0,0,0,1,0,0,0,1,D003,Asthma
1,1,0,0,0,1,0,1,0,1,1,0,0,0,0,0,0,1,0,0,0,0,D002,Hypertension
0,1,0,0,0,1,0,1,0,1,1,0,0,0,0,0,1,1,0,0,0,0,D002,Hypertension
0,0,0,0,0,0,0,0,1,0,0,1,1,0,0,0,0,0,0,1,0,0,D001,Type 2 Diabetes
1,0,0,0,0,0,0,1,1,0,0,1,1,1,0,0,0,0,1,0,0,0,D001,Type 2 Diabetes
1,0,0,0,0,0,0,0,1,0,0,1,1,1,0,0,0,0,0,0,0,0,D001,Type 2 Diabetes
0,1,1,1,0,0,0,0,0,0,0,0,0,0,0,0,0,1,0,0,0,1,D003,Asthma
0,0,1,1,0,0,0,0,0,0,0,0,0,0,1,0,0,1,0,0,0,1,D003,Asthma
0,0,0,0,0,0,0,1,0,1,0,0,0,0,0,0,0,1,0,0,0,0,D002,Hypertension
1,0,0,0,0,0,0,0,0,0,0,1,0,1,0,0,0,0,0,1,0,0,D001,Type 2 Diabetes
0,0,1,1,1,0,1,0,0,0,0,0,0,0,0,0,0,1,0,0,0,1,D003,Asthma
1,0,0,0,0,0,0,1,0,0,0,1,0,1,0,0,0,0,1,0,0,0,D001,Type 2 Diabetes
0,0,1,1,1,0,1,0,0,0,0,0,0,0,1,0,0,1,0,0,0,1,D003,Asthma
1,0,0,0,0,0,0,1,1,0,0,1,1,0,0,0,0,0,1,0,1,0,D001,Type 2 Diabetes
0,1,1,1,0,0,1,1,0,0,0,0,0,0,0,0,0,1,0,0,0,1,D003,Asthma
0,1,0,0,0,0,0,0,0,0,1,0,0,0,0,0,0,0,0,0,0,0,D002,Hypertension
0,1,1,0,1,0,1,0,0,0,0,0,0,0,1,0,0,1,0,0,0,1,D003,Asthma
0,0,1,0,0,0,1,0,0,0,0,0,0,0,0,0,0,0,0,0,0,1,D003,Asthma
0,0,0,0,0,1,0,0,0,1,1,0,0,0,0,0,1,1,0,0,0,0,D002,Hypertension
0,0,0,0,0,1,0,1,0,1,1,0,0,0,0,0,0,0,0,0,0,0,D002,Hypertension
0,0,0,0,0,1,0,1,0,1,1,0,0,0,0,0,0,1,0,0,0,0,D002,Hypertension
1,0,0,0,0,0,0,0,1,0,0,1,0,1,0,0,0,0,1,1,1,0,D001,Type 2 Diabetes
1,1,0,0,0,1,0,1,0,1,1,0,0,0,0,0,1,1,0,0,0,0,D002,Hypertension
1,0,0,0,0,1,0,0,0,1,1,0,0,0,0,0,0,1,0,0,0,0,D002,Hypertension
0,1,0,0,0,1,0,1,0,1,1,0,0,0,0,0,0,1,0,0,0,0,D002,Hypertension
1,1,0,0,0,1,0,1,0,1,1,0,0,0,0,0,0,0,0,0,0,0,D002,Hypertension
